sample,fastq_dir,min_len,max_len,fwd_index,fwd_primer,rev_index,rev_primer
barcode01_F01_R01,demo/fastq,1000,1800,F01,CAGCAGCCGCGGTAATTCC,R01,TACRGMWACCTTGTTACGAC
barcode01_F02_R01,demo/fastq,1000,1800,F02,CAGCAGCCGCGGTAATTCC,R01,TACRGMWACCTTGTTACGAC
barcode01_F01_R03,demo/fastq,1000,1800,F01,CAGCAGCCGCGGTAATTCC,R03,TACRGMWACCTTGTTACGAC
barcode01_F02_R03,demo/fastq,1000,1800,F02,CAGCAGCCGCGGTAATTCC,R03,TACRGMWACCTTGTTACGAC
barcode02_F01_R01,demo/fastq,1000,1800,F01,CAGCAGCCGCGGTAATTCC,R01,TACRGMWACCTTGTTACGAC
barcode02_F02_R01,demo/fastq,1000,1800,F02,CAGCAGCCGCGGTAATTCC,R01,TACRGMWACCTTGTTACGAC
barcode02_F01_R03,demo/fastq,1000,1800,F01,CAGCAGCCGCGGTAATTCC,R03,TACRGMWACCTTGTTACGAC
barcode02_F02_R03,demo/fastq,1000,1800,F02,CAGCAGCCGCGGTAATTCC,R03,TACRGMWACCTTGTTACGAC
barcode03_F01_R01,demo/fastq,1000,1800,F01,CAGCAGCCGCGGTAATTCC,R01,TACRGMWACCTTGTTACGAC
barcode03_F02_R01,demo/fastq,1000,1800,F02,CAGCAGCCGCGGTAATTCC,R01,TACRGMWACCTTGTTACGAC
barcode03_F01_R03,demo/fastq,1000,1800,F01,CAGCAGCCGCGGTAATTCC,R03,TACRGMWACCTTGTTACGAC
barcode03_F02_R03,demo/fastq,1000,1800,F02,CAGCAGCCGCGGTAATTCC,R03,TACRGMWACCTTGTTACGAC
