SampleID	FwIndex	FwPrimer	RvIndex	RvPrimer
01_01	AGCGATAG	CAGCAGCCGCGGTAATTCC	CTATCGCT	TACRGMWACCTTGTTACGAC
02_01	AATGAGCG	CAGCAGCCGCGGTAATTCC	CTATCGCT	TACRGMWACCTTGTTACGAC
03_01	ACAGTGGT	CAGCAGCCGCGGTAATTCC	CTATCGCT	TACRGMWACCTTGTTACGAC
04_01	AGCTTCAG	CAGCAGCCGCGGTAATTCC	CTATCGCT	TACRGMWACCTTGTTACGAC
05_01	ATAGAGGC	CAGCAGCCGCGGTAATTCC	CTATCGCT	TACRGMWACCTTGTTACGAC
06_01	ATCACGAC	CAGCAGCCGCGGTAATTCC	CTATCGCT	TACRGMWACCTTGTTACGAC
07_01	ATTACTCG	CAGCAGCCGCGGTAATTCC	CTATCGCT	TACRGMWACCTTGTTACGAC
08_01	CAGATCCA	CAGCAGCCGCGGTAATTCC	CTATCGCT	TACRGMWACCTTGTTACGAC
09_01	CATAGCCG	CAGCAGCCGCGGTAATTCC	CTATCGCT	TACRGMWACCTTGTTACGAC
10_01	CATGCCTA	CAGCAGCCGCGGTAATTCC	CTATCGCT	TACRGMWACCTTGTTACGAC
11_01	CGCTCATT	CAGCAGCCGCGGTAATTCC	CTATCGCT	TACRGMWACCTTGTTACGAC
12_01	CGTACTAG	CAGCAGCCGCGGTAATTCC	CTATCGCT	TACRGMWACCTTGTTACGAC
01_02	AGCGATAG	CAGCAGCCGCGGTAATTCC	GCTCAGGA	TACRGMWACCTTGTTACGAC
02_02	AATGAGCG	CAGCAGCCGCGGTAATTCC	GCTCAGGA	TACRGMWACCTTGTTACGAC
03_02	ACAGTGGT	CAGCAGCCGCGGTAATTCC	GCTCAGGA	TACRGMWACCTTGTTACGAC
04_02	AGCTTCAG	CAGCAGCCGCGGTAATTCC	GCTCAGGA	TACRGMWACCTTGTTACGAC
05_02	ATAGAGGC	CAGCAGCCGCGGTAATTCC	GCTCAGGA	TACRGMWACCTTGTTACGAC
06_02	ATCACGAC	CAGCAGCCGCGGTAATTCC	GCTCAGGA	TACRGMWACCTTGTTACGAC
07_02	ATTACTCG	CAGCAGCCGCGGTAATTCC	GCTCAGGA	TACRGMWACCTTGTTACGAC
08_02	CAGATCCA	CAGCAGCCGCGGTAATTCC	GCTCAGGA	TACRGMWACCTTGTTACGAC
09_02	CATAGCCG	CAGCAGCCGCGGTAATTCC	GCTCAGGA	TACRGMWACCTTGTTACGAC
10_02	CATGCCTA	CAGCAGCCGCGGTAATTCC	GCTCAGGA	TACRGMWACCTTGTTACGAC
11_02	CGCTCATT	CAGCAGCCGCGGTAATTCC	GCTCAGGA	TACRGMWACCTTGTTACGAC
12_02	CGTACTAG	CAGCAGCCGCGGTAATTCC	GCTCAGGA	TACRGMWACCTTGTTACGAC
01_03	AGCGATAG	CAGCAGCCGCGGTAATTCC	GTACTGAC	TACRGMWACCTTGTTACGAC
02_03	AATGAGCG	CAGCAGCCGCGGTAATTCC	GTACTGAC	TACRGMWACCTTGTTACGAC
03_03	ACAGTGGT	CAGCAGCCGCGGTAATTCC	GTACTGAC	TACRGMWACCTTGTTACGAC
04_03	AGCTTCAG	CAGCAGCCGCGGTAATTCC	GTACTGAC	TACRGMWACCTTGTTACGAC
05_03	ATAGAGGC	CAGCAGCCGCGGTAATTCC	GTACTGAC	TACRGMWACCTTGTTACGAC
06_03	ATCACGAC	CAGCAGCCGCGGTAATTCC	GTACTGAC	TACRGMWACCTTGTTACGAC
07_03	ATTACTCG	CAGCAGCCGCGGTAATTCC	GTACTGAC	TACRGMWACCTTGTTACGAC
08_03	CAGATCCA	CAGCAGCCGCGGTAATTCC	GTACTGAC	TACRGMWACCTTGTTACGAC
09_03	CATAGCCG	CAGCAGCCGCGGTAATTCC	GTACTGAC	TACRGMWACCTTGTTACGAC
10_03	CATGCCTA	CAGCAGCCGCGGTAATTCC	GTACTGAC	TACRGMWACCTTGTTACGAC
11_03	CGCTCATT	CAGCAGCCGCGGTAATTCC	GTACTGAC	TACRGMWACCTTGTTACGAC
12_03	CGTACTAG	CAGCAGCCGCGGTAATTCC	GTACTGAC	TACRGMWACCTTGTTACGAC
01_04	AGCGATAG	CAGCAGCCGCGGTAATTCC	GTAGAGGA	TACRGMWACCTTGTTACGAC
02_04	AATGAGCG	CAGCAGCCGCGGTAATTCC	GTAGAGGA	TACRGMWACCTTGTTACGAC
03_04	ACAGTGGT	CAGCAGCCGCGGTAATTCC	GTAGAGGA	TACRGMWACCTTGTTACGAC
04_04	AGCTTCAG	CAGCAGCCGCGGTAATTCC	GTAGAGGA	TACRGMWACCTTGTTACGAC
05_04	ATAGAGGC	CAGCAGCCGCGGTAATTCC	GTAGAGGA	TACRGMWACCTTGTTACGAC
06_04	ATCACGAC	CAGCAGCCGCGGTAATTCC	GTAGAGGA	TACRGMWACCTTGTTACGAC
07_04	ATTACTCG	CAGCAGCCGCGGTAATTCC	GTAGAGGA	TACRGMWACCTTGTTACGAC
08_04	CAGATCCA	CAGCAGCCGCGGTAATTCC	GTAGAGGA	TACRGMWACCTTGTTACGAC
09_04	CATAGCCG	CAGCAGCCGCGGTAATTCC	GTAGAGGA	TACRGMWACCTTGTTACGAC
10_04	CATGCCTA	CAGCAGCCGCGGTAATTCC	GTAGAGGA	TACRGMWACCTTGTTACGAC
11_04	CGCTCATT	CAGCAGCCGCGGTAATTCC	GTAGAGGA	TACRGMWACCTTGTTACGAC
12_04	CGTACTAG	CAGCAGCCGCGGTAATTCC	GTAGAGGA	TACRGMWACCTTGTTACGAC
01_05	AGCGATAG	CAGCAGCCGCGGTAATTCC	GTCAGTAC	TACRGMWACCTTGTTACGAC
02_05	AATGAGCG	CAGCAGCCGCGGTAATTCC	GTCAGTAC	TACRGMWACCTTGTTACGAC
03_05	ACAGTGGT	CAGCAGCCGCGGTAATTCC	GTCAGTAC	TACRGMWACCTTGTTACGAC
04_05	AGCTTCAG	CAGCAGCCGCGGTAATTCC	GTCAGTAC	TACRGMWACCTTGTTACGAC
05_05	ATAGAGGC	CAGCAGCCGCGGTAATTCC	GTCAGTAC	TACRGMWACCTTGTTACGAC
06_05	ATCACGAC	CAGCAGCCGCGGTAATTCC	GTCAGTAC	TACRGMWACCTTGTTACGAC
07_05	ATTACTCG	CAGCAGCCGCGGTAATTCC	GTCAGTAC	TACRGMWACCTTGTTACGAC
08_05	CAGATCCA	CAGCAGCCGCGGTAATTCC	GTCAGTAC	TACRGMWACCTTGTTACGAC
09_05	CATAGCCG	CAGCAGCCGCGGTAATTCC	GTCAGTAC	TACRGMWACCTTGTTACGAC
10_05	CATGCCTA	CAGCAGCCGCGGTAATTCC	GTCAGTAC	TACRGMWACCTTGTTACGAC
11_05	CGCTCATT	CAGCAGCCGCGGTAATTCC	GTCAGTAC	TACRGMWACCTTGTTACGAC
12_05	CGTACTAG	CAGCAGCCGCGGTAATTCC	GTCAGTAC	TACRGMWACCTTGTTACGAC
01_06	AGCGATAG	CAGCAGCCGCGGTAATTCC	GTCGTGAT	TACRGMWACCTTGTTACGAC
02_06	AATGAGCG	CAGCAGCCGCGGTAATTCC	GTCGTGAT	TACRGMWACCTTGTTACGAC
03_06	ACAGTGGT	CAGCAGCCGCGGTAATTCC	GTCGTGAT	TACRGMWACCTTGTTACGAC
04_06	AGCTTCAG	CAGCAGCCGCGGTAATTCC	GTCGTGAT	TACRGMWACCTTGTTACGAC
05_06	ATAGAGGC	CAGCAGCCGCGGTAATTCC	GTCGTGAT	TACRGMWACCTTGTTACGAC
06_06	ATCACGAC	CAGCAGCCGCGGTAATTCC	GTCGTGAT	TACRGMWACCTTGTTACGAC
07_06	ATTACTCG	CAGCAGCCGCGGTAATTCC	GTCGTGAT	TACRGMWACCTTGTTACGAC
08_06	CAGATCCA	CAGCAGCCGCGGTAATTCC	GTCGTGAT	TACRGMWACCTTGTTACGAC
09_06	CATAGCCG	CAGCAGCCGCGGTAATTCC	GTCGTGAT	TACRGMWACCTTGTTACGAC
10_06	CATGCCTA	CAGCAGCCGCGGTAATTCC	GTCGTGAT	TACRGMWACCTTGTTACGAC
11_06	CGCTCATT	CAGCAGCCGCGGTAATTCC	GTCGTGAT	TACRGMWACCTTGTTACGAC
12_06	CGTACTAG	CAGCAGCCGCGGTAATTCC	GTCGTGAT	TACRGMWACCTTGTTACGAC
01_07	AGCGATAG	CAGCAGCCGCGGTAATTCC	TAAGACAC	TACRGMWACCTTGTTACGAC
02_07	AATGAGCG	CAGCAGCCGCGGTAATTCC	TAAGACAC	TACRGMWACCTTGTTACGAC
03_07	ACAGTGGT	CAGCAGCCGCGGTAATTCC	TAAGACAC	TACRGMWACCTTGTTACGAC
04_07	AGCTTCAG	CAGCAGCCGCGGTAATTCC	TAAGACAC	TACRGMWACCTTGTTACGAC
05_07	ATAGAGGC	CAGCAGCCGCGGTAATTCC	TAAGACAC	TACRGMWACCTTGTTACGAC
06_07	ATCACGAC	CAGCAGCCGCGGTAATTCC	TAAGACAC	TACRGMWACCTTGTTACGAC
07_07	ATTACTCG	CAGCAGCCGCGGTAATTCC	TAAGACAC	TACRGMWACCTTGTTACGAC
08_07	CAGATCCA	CAGCAGCCGCGGTAATTCC	TAAGACAC	TACRGMWACCTTGTTACGAC
09_07	CATAGCCG	CAGCAGCCGCGGTAATTCC	TAAGACAC	TACRGMWACCTTGTTACGAC
10_07	CATGCCTA	CAGCAGCCGCGGTAATTCC	TAAGACAC	TACRGMWACCTTGTTACGAC
11_07	CGCTCATT	CAGCAGCCGCGGTAATTCC	TAAGACAC	TACRGMWACCTTGTTACGAC
12_07	CGTACTAG	CAGCAGCCGCGGTAATTCC	TAAGACAC	TACRGMWACCTTGTTACGAC
01_08	AGCGATAG	CAGCAGCCGCGGTAATTCC	TAGGCATG	TACRGMWACCTTGTTACGAC
02_08	AATGAGCG	CAGCAGCCGCGGTAATTCC	TAGGCATG	TACRGMWACCTTGTTACGAC
03_08	ACAGTGGT	CAGCAGCCGCGGTAATTCC	TAGGCATG	TACRGMWACCTTGTTACGAC
04_08	AGCTTCAG	CAGCAGCCGCGGTAATTCC	TAGGCATG	TACRGMWACCTTGTTACGAC
05_08	ATAGAGGC	CAGCAGCCGCGGTAATTCC	TAGGCATG	TACRGMWACCTTGTTACGAC
06_08	ATCACGAC	CAGCAGCCGCGGTAATTCC	TAGGCATG	TACRGMWACCTTGTTACGAC
07_08	ATTACTCG	CAGCAGCCGCGGTAATTCC	TAGGCATG	TACRGMWACCTTGTTACGAC
08_08	CAGATCCA	CAGCAGCCGCGGTAATTCC	TAGGCATG	TACRGMWACCTTGTTACGAC
09_08	CATAGCCG	CAGCAGCCGCGGTAATTCC	TAGGCATG	TACRGMWACCTTGTTACGAC
10_08	CATGCCTA	CAGCAGCCGCGGTAATTCC	TAGGCATG	TACRGMWACCTTGTTACGAC
11_08	CGCTCATT	CAGCAGCCGCGGTAATTCC	TAGGCATG	TACRGMWACCTTGTTACGAC
12_08	CGTACTAG	CAGCAGCCGCGGTAATTCC	TAGGCATG	TACRGMWACCTTGTTACGAC
01_09	AGCGATAG	CAGCAGCCGCGGTAATTCC	TCAGAGCC	TACRGMWACCTTGTTACGAC
02_09	AATGAGCG	CAGCAGCCGCGGTAATTCC	TCAGAGCC	TACRGMWACCTTGTTACGAC
03_09	ACAGTGGT	CAGCAGCCGCGGTAATTCC	TCAGAGCC	TACRGMWACCTTGTTACGAC
04_09	AGCTTCAG	CAGCAGCCGCGGTAATTCC	TCAGAGCC	TACRGMWACCTTGTTACGAC
05_09	ATAGAGGC	CAGCAGCCGCGGTAATTCC	TCAGAGCC	TACRGMWACCTTGTTACGAC
06_09	ATCACGAC	CAGCAGCCGCGGTAATTCC	TCAGAGCC	TACRGMWACCTTGTTACGAC
07_09	ATTACTCG	CAGCAGCCGCGGTAATTCC	TCAGAGCC	TACRGMWACCTTGTTACGAC
08_09	CAGATCCA	CAGCAGCCGCGGTAATTCC	TCAGAGCC	TACRGMWACCTTGTTACGAC
09_09	CATAGCCG	CAGCAGCCGCGGTAATTCC	TCAGAGCC	TACRGMWACCTTGTTACGAC
10_09	CATGCCTA	CAGCAGCCGCGGTAATTCC	TCAGAGCC	TACRGMWACCTTGTTACGAC
11_09	CGCTCATT	CAGCAGCCGCGGTAATTCC	TCAGAGCC	TACRGMWACCTTGTTACGAC
12_09	CGTACTAG	CAGCAGCCGCGGTAATTCC	TCAGAGCC	TACRGMWACCTTGTTACGAC
01_10	AGCGATAG	CAGCAGCCGCGGTAATTCC	TCCTGAGC	TACRGMWACCTTGTTACGAC
02_10	AATGAGCG	CAGCAGCCGCGGTAATTCC	TCCTGAGC	TACRGMWACCTTGTTACGAC
03_10	ACAGTGGT	CAGCAGCCGCGGTAATTCC	TCCTGAGC	TACRGMWACCTTGTTACGAC
04_10	AGCTTCAG	CAGCAGCCGCGGTAATTCC	TCCTGAGC	TACRGMWACCTTGTTACGAC
05_10	ATAGAGGC	CAGCAGCCGCGGTAATTCC	TCCTGAGC	TACRGMWACCTTGTTACGAC
06_10	ATCACGAC	CAGCAGCCGCGGTAATTCC	TCCTGAGC	TACRGMWACCTTGTTACGAC
07_10	ATTACTCG	CAGCAGCCGCGGTAATTCC	TCCTGAGC	TACRGMWACCTTGTTACGAC
08_10	CAGATCCA	CAGCAGCCGCGGTAATTCC	TCCTGAGC	TACRGMWACCTTGTTACGAC
09_10	CATAGCCG	CAGCAGCCGCGGTAATTCC	TCCTGAGC	TACRGMWACCTTGTTACGAC
10_10	CATGCCTA	CAGCAGCCGCGGTAATTCC	TCCTGAGC	TACRGMWACCTTGTTACGAC
11_10	CGCTCATT	CAGCAGCCGCGGTAATTCC	TCCTGAGC	TACRGMWACCTTGTTACGAC
12_10	CGTACTAG	CAGCAGCCGCGGTAATTCC	TCCTGAGC	TACRGMWACCTTGTTACGAC
01_11	AGCGATAG	CAGCAGCCGCGGTAATTCC	TCGATTAG	TACRGMWACCTTGTTACGAC
02_11	AATGAGCG	CAGCAGCCGCGGTAATTCC	TCGATTAG	TACRGMWACCTTGTTACGAC
03_11	ACAGTGGT	CAGCAGCCGCGGTAATTCC	TCGATTAG	TACRGMWACCTTGTTACGAC
04_11	AGCTTCAG	CAGCAGCCGCGGTAATTCC	TCGATTAG	TACRGMWACCTTGTTACGAC
05_11	ATAGAGGC	CAGCAGCCGCGGTAATTCC	TCGATTAG	TACRGMWACCTTGTTACGAC
06_11	ATCACGAC	CAGCAGCCGCGGTAATTCC	TCGATTAG	TACRGMWACCTTGTTACGAC
07_11	ATTACTCG	CAGCAGCCGCGGTAATTCC	TCGATTAG	TACRGMWACCTTGTTACGAC
08_11	CAGATCCA	CAGCAGCCGCGGTAATTCC	TCGATTAG	TACRGMWACCTTGTTACGAC
09_11	CATAGCCG	CAGCAGCCGCGGTAATTCC	TCGATTAG	TACRGMWACCTTGTTACGAC
10_11	CATGCCTA	CAGCAGCCGCGGTAATTCC	TCGATTAG	TACRGMWACCTTGTTACGAC
11_11	CGCTCATT	CAGCAGCCGCGGTAATTCC	TCGATTAG	TACRGMWACCTTGTTACGAC
12_11	CGTACTAG	CAGCAGCCGCGGTAATTCC	TCGATTAG	TACRGMWACCTTGTTACGAC
01_12	AGCGATAG	CAGCAGCCGCGGTAATTCC	TGCTAAGT	TACRGMWACCTTGTTACGAC
02_12	AATGAGCG	CAGCAGCCGCGGTAATTCC	TGCTAAGT	TACRGMWACCTTGTTACGAC
03_12	ACAGTGGT	CAGCAGCCGCGGTAATTCC	TGCTAAGT	TACRGMWACCTTGTTACGAC
04_12	AGCTTCAG	CAGCAGCCGCGGTAATTCC	TGCTAAGT	TACRGMWACCTTGTTACGAC
05_12	ATAGAGGC	CAGCAGCCGCGGTAATTCC	TGCTAAGT	TACRGMWACCTTGTTACGAC
06_12	ATCACGAC	CAGCAGCCGCGGTAATTCC	TGCTAAGT	TACRGMWACCTTGTTACGAC
07_12	ATTACTCG	CAGCAGCCGCGGTAATTCC	TGCTAAGT	TACRGMWACCTTGTTACGAC
08_12	CAGATCCA	CAGCAGCCGCGGTAATTCC	TGCTAAGT	TACRGMWACCTTGTTACGAC
09_12	CATAGCCG	CAGCAGCCGCGGTAATTCC	TGCTAAGT	TACRGMWACCTTGTTACGAC
10_12	CATGCCTA	CAGCAGCCGCGGTAATTCC	TGCTAAGT	TACRGMWACCTTGTTACGAC
11_12	CGCTCATT	CAGCAGCCGCGGTAATTCC	TGCTAAGT	TACRGMWACCTTGTTACGAC
12_12	CGTACTAG	CAGCAGCCGCGGTAATTCC	TGCTAAGT	TACRGMWACCTTGTTACGAC